"cohortId","cohortName","cohortNameFormatted","cohortNameLong","librarian","status","addedVersion","logicDescription","hashTag","isCirceJson","contributors","contributorOrcIds","contributorOrganizations","peerReviewers","peerReviewerOrcIds","recommendedReferentConceptIds","ohdsiForumPost","createdDate","modifiedDate","lastModifiedBy","replaces","notes","isReferenceCohort","censorWindowStartDate","censorWindowEndDate","collapseSettingsType","collapseEraPad","exitStrategy","exitDateOffSetField","exitDateOffSet","numberOfInclusionRules","initialEventLimit","initialEventRestrictionAdditionalCriteria","initialEventRestrictionAdditionalCriteriaLimit","inclusionRuleQualifyingEventLimit","numberOfCohortEntryEvents","numberOfDomainsInEntryEvents","domainsInEntryEvents","continousObservationWindowPrior","continousObservationWindowPost","numberOfConceptSets","demographicCriteria","demographicCriteriaAge","demographicCriteriaGender","useOfObservationPeriodInclusionRule","restrictedByVisit","hasWashoutInText","domainConditionOccurrence","domainMeasurement","eventCohort","domainObservation","domainVisitOccurrence","domainDeath","domainDrugExposure","criteriaLocationAgePrimaryCriteria","domainDeviceExposure","domainProcedureOccurrence","criteriaLocationFirstPrimaryCriteria","criteriaLocationAgeInclusionRules","criteriaLocationVisitTypePrimaryCriteria","criteriaLocationFirstInclusionRules","criteriaLocationGenderPrimaryCriteria","criteriaLocationConditionSourceConceptPrimaryCriteria","criteriaLocationGenderInclusionRules","criteriaLocationProviderSpecialtyInclusionRules","criteriaLocationVisitSourceConceptPrimaryCriteria","criteriaLocationConditionSourceConceptInclusionRules","criteriaLocationProviderSpecialtyPrimaryCriteria","domainDrugEra","criteriaLocationProcedureSourceConceptPrimaryCriteria","exitDrugCodeSetId","exitPersistenceWindow","exitSurveillanceWindow","domainObservationPeriod","criteriaLocationAgeAdditionalCriteria","criteriaLocationGenderAdditionalCriteria","criteriaLocationMeasurementSourceConceptPrimaryCriteria","criteriaLocationObservationSourceConceptInclusionRules"
2,"[W] COVID-19 diagnosis or SARS-CoV-2 test (1pos)","COVID-19 diagnosis or SARS-CoV-2 test (1pos)","COVID-19 diagnosis or SARS-CoV-2 test (1pos)","rao@ohdsi.org","Withdrawn","","Withdrawn by contributor before peer review","",1,"","","","","","439676, 37311061","","2021-09-22","2023-09-19",,"",,0,,,"ERA",0,"fixed duration relative to initial event","EndDate",0,0,"First",FALSE,"All","First",2,2,"ConditionOccurrence, Measurement",0,0,2,0,0,0,0,0,0,1,1,0,,,,,,,,,,,,,,,,,,,,,,,,,,,,
3,"[P] Cough or Sputum","Cough or Sputum","Cough or Sputum","rao@ohdsi.org","Pending peer review","","All events of cough or sputum finding","#Symptoms, #respiratory, #lung",1,"Gowtham A. Rao","'0000-0002-4949-7236'","'OHDSI'","","","254761","https://forums.ohdsi.org/t/17895","2021-09-22","2023-09-28",,"",,0,,,"ERA",0,"fixed duration relative to initial event","EndDate",14,0,"All",FALSE,"All","All",1,1,"ConditionOccurrence",0,0,1,0,0,0,0,0,0,1,,1,,,,,,,,,,,,,,,,,,,,,,,,,,,,
4,"[P] Diarrhea","Diarrhea","Diarrhea","rao@ohdsi.org","Pending peer review","","All events of diarrhea including Functional Diarrhea","#Symptoms",1,"Gowtham A. Rao","'0000-0002-4949-7236'","'OHDSI'","","","196523","https://forums.ohdsi.org/t/17895","2021-09-23","2023-09-25",,"",,0,,,"ERA",0,"fixed duration relative to initial event","EndDate",7,0,"All",FALSE,"All","All",1,1,"ConditionOccurrence",0,0,1,0,0,0,0,0,0,1,,1,,,,,,,,,,,,,,,,,,,,,,,,,,,,
5,"[P] Dyspnea","Dyspnea","Dyspnea","rao@ohdsi.org","Pending peer review","","All events of dyspnea including difficulty breathing or abnormal breathing","#Symptoms, #respiratory, #lung",1,"Gowtham A. Rao","'0000-0002-4949-7236'","'OHDSI'","","","312437, 4041664","https://forums.ohdsi.org/t/17895","2021-09-23","2023-09-28",,"",,0,,,"ERA",0,"fixed duration relative to initial event","EndDate",14,0,"All",FALSE,"All","All",1,1,"ConditionOccurrence",0,0,1,0,0,0,0,0,0,1,,1,,,,,,,,,,,,,,,,,,,,,,,,,,,,
6,"[P] Fever","Fever","Fever","rao@ohdsi.org","Pending peer review","","All events of fever or elevated temperature measurement","#Symptoms",1,"Gowtham A. Rao","'0000-0002-4949-7236'","'OHDSI'","","","437663, 4178904","https://forums.ohdsi.org/t/17895","2021-09-23","2023-09-25",,"",,0,,,"ERA",0,"fixed duration relative to initial event","EndDate",7,0,"All",FALSE,"All","All",6,3,"ConditionOccurrence, Measurement, Observation",0,0,2,0,0,0,0,0,0,1,1,1,1,,,,,,,,,,,,,,,,,,,,,,,,,,,
7,"[P] Headache or Headache disorder","Headache or Headache disorder","Headache or Headache disorder","rao@ohdsi.org","Pending peer review","","All events of Headache or headache disorder","#Symptoms",1,"Gowtham A. Rao","'0000-0002-4949-7236'","'OHDSI'","","","378253","https://forums.ohdsi.org/t/17895","2021-09-23","2023-09-25",,"",,0,,,"ERA",0,"fixed duration relative to initial event","EndDate",14,0,"All",FALSE,"All","All",2,2,"ConditionOccurrence, Observation",0,0,1,0,0,0,0,0,0,1,,1,1,,,,,,,,,,,,,,,,,,,,,,,,,,,
8,"[P] Altered smell or taste including Anosmia, Hyposmia or Dysgeusia","Altered smell or taste including Anosmia, Hyposmia or Dysgeusia","Altered smell or taste including Anosmia, Hyposmia or Dysgeusia","rao@ohdsi.org","Pending peer review","","Altered smell or taste including Anosmia, Hyposmia or Dysgeusia","#Symptoms",1,"Gowtham A. Rao","'0000-0002-4949-7236'","'OHDSI'","","","43530714","https://forums.ohdsi.org/t/17895","2021-09-23","2023-09-25",,"",,0,,,"ERA",0,"fixed duration relative to initial event","EndDate",14,0,"All",FALSE,"All","All",1,1,"ConditionOccurrence",0,0,1,0,0,0,0,0,0,1,,1,,,,,,,,,,,,,,,,,,,,,,,,,,,,
9,"[P] Sore throat","Sore throat","Sore throat","rao@ohdsi.org","Pending peer review","","All events of Sore throat","#Symptoms",1,"Gowtham A. Rao","'0000-0002-4949-7236'","'OHDSI'","","","25297, 4226263","https://forums.ohdsi.org/t/17895","2021-09-23","2023-09-25",,"",,0,,,"ERA",0,"fixed duration relative to initial event","EndDate",14,0,"All",FALSE,"All","All",2,2,"ConditionOccurrence, Observation",0,0,1,0,0,0,0,0,0,1,,1,1,,,,,,,,,,,,,,,,,,,,,,,,,,,
10,"[P] Nausea or Vomiting","Nausea or Vomiting","Nausea or Vomiting","rao@ohdsi.org","Pending peer review","","All events of Nausea or vomiting","#Symptoms",1,"Gowtham A. Rao","'0000-0002-4949-7236'","'OHDSI'","","","27674, 4101344","https://forums.ohdsi.org/t/17895","2021-09-23","2023-09-25",,"",,0,,,"ERA",0,"fixed duration relative to initial event","EndDate",14,0,"All",FALSE,"All","All",2,2,"ConditionOccurrence, Observation",0,0,1,0,0,0,0,0,0,1,,1,1,,,,,,,,,,,,,,,,,,,,,,,,,,,
11,"[P] Malaise and or fatigue","Malaise and or fatigue","Malaise and or fatigue","rao@ohdsi.org","Pending peer review","","All events of Malaise and or fatigue","#Symptoms",1,"Gowtham A. Rao","'0000-0002-4949-7236'","'OHDSI'","","","439926, 4272240","https://forums.ohdsi.org/t/17895","2021-09-23","2023-09-25",,"",,0,,,"ERA",0,"fixed duration relative to initial event","EndDate",14,0,"All",FALSE,"All","All",1,1,"ConditionOccurrence",0,0,1,0,0,0,0,0,0,1,,1,,,,,,,,,,,,,,,,,,,,,,,,,,,,
12,"[P] Rhinitis or common cold or Sinusitis","Rhinitis or common cold or Sinusitis","Rhinitis or common cold or Sinusitis","rao@ohdsi.org","Pending peer review","","All events of Rhinitis or common cold","#Symptoms",1,"Gowtham A. Rao","'0000-0002-4949-7236'","'OHDSI'","","","257007, 4320791","https://forums.ohdsi.org/t/17895","2021-09-23","2023-09-25",,"",,0,,,"ERA",0,"fixed duration relative to initial event","EndDate",14,0,"All",FALSE,"All","All",1,1,"ConditionOccurrence",0,0,1,0,0,0,0,0,0,1,,1,,,,,,,,,,,,,,,,,,,,,,,,,,,,
13,"[P] Myalgia (not explained by injury, ischemia or systemic inflammation)","Myalgia (not explained by injury, ischemia or systemic inflammation)","Myalgia (not explained by injury, ischemia or systemic inflammation)","rao@ohdsi.org","Pending peer review","","All events of Myalgia. Exclude persons with secondary causes of myalgia explained by injury, ischemia or chronic systemic inflammation","#Symptoms",1,"Gowtham A. Rao","'0000-0002-4949-7236'","'OHDSI'","","","442752, 4150129","https://forums.ohdsi.org/t/17895","2021-09-23","2023-09-25",,"",,0,,,"ERA",0,"fixed duration relative to initial event","EndDate",14,1,"All",FALSE,"All","All",1,1,"ConditionOccurrence",0,0,2,1,0,0,0,0,0,1,,1,,,,,,,,,,,,,,,,,,,,,,,,,,,,
14,"[P] Myalgia","Myalgia","Myalgia","rao@ohdsi.org","Pending peer review","","All events of Myalgia","#Symptoms",1,"Gowtham A. Rao","'0000-0002-4949-7236'","'OHDSI'","","","442752, 4150129","https://forums.ohdsi.org/t/17895","2021-09-23","2023-09-25",,"",,0,,,"ERA",0,"fixed duration relative to initial event","EndDate",14,0,"All",FALSE,"All","All",1,1,"ConditionOccurrence",0,0,1,0,0,0,0,0,0,1,,1,,,,,,,,,,,,,,,,,,,,,,,,,,,,
15,"[P][R] Exposure to viral disease ","Exposure to viral disease","Exposure to viral disease","rao@ohdsi.org","Pending peer review","","all events of Exposure to viral disease. Persons exit on cohort end date","#Referent, #Observation",1,"Gowtham A. Rao","'0000-0002-4949-7236'","'OHDSI'","","","37016200","","2021-09-23","2023-09-19",,"",,1,,,"ERA",1,"fixed duration relative to initial event","EndDate",0,0,"All",FALSE,"All","All",1,1,"Observation",0,0,1,0,0,0,0,0,0,,,1,1,,,,,,,,,,,,,,,,,,,,,,,,,,,
16,"[W] Exposure to SARS-Cov 2 and coronavirus","Exposure to SARS-Cov 2 and coronavirus","Exposure to SARS-Cov 2 and coronavirus","rao@ohdsi.org","","","","",1,"","","","","","","","2021-09-23","2023-09-19",,"",,0,,,"ERA",0,"fixed duration relative to initial event","EndDate",0,0,"All",FALSE,"All","All",1,1,"ConditionOccurrence",0,0,1,0,0,0,0,0,0,1,,1,,,,,,,,,,,,,,,,,,,,,,,,,,,,
17,"[P][R] Exposure to SARS-CoV-2 ","Exposure to SARS-CoV-2","Exposure to SARS-CoV-2","rao@ohdsi.org","Pending peer review","","all events of Exposure to SARS-CoV-2. Persons exit on cohort end date","#Referent, #Observation",1,"Gowtham A. Rao","'0000-0002-4949-7236'","'OHDSI'","","","37311059","","2021-09-23","2023-09-19",,"",,1,,,"ERA",1,"fixed duration relative to initial event","EndDate",0,0,"All",FALSE,"All","All",1,1,"Observation",0,0,1,0,0,0,0,0,0,,,1,1,,,,,,,,,,,,,,,,,,,,,,,,,,,
18,"[P][R] Multisystem inflammatory syndrome (MIS) ","Multisystem inflammatory syndrome (MIS)","Multisystem inflammatory syndrome (MIS)","rao@ohdsi.org","Pending peer review","","all events of Multisystem inflammatory syndrome (MIS). Persons exit on cohort end date","#Referent, #Condition",1,"Gowtham A. Rao","'0000-0002-4949-7236'","'OHDSI'","","","703578","","2021-09-23","2023-09-19",,"",,1,,,"ERA",1,"fixed duration relative to initial event","EndDate",0,0,"All",FALSE,"All","All",1,1,"ConditionOccurrence",0,0,1,0,0,0,0,0,0,1,,1,,,,,,,,,,,,,,,,,,,,,,,,,,,,
20,"[P] Bronchitis or Bronchiolitis","Bronchitis or Bronchiolitis","Bronchitis or Bronchiolitis","rao@ohdsi.org","Pending peer review","","All events of Bronchitis","#Symptoms",1,"Gowtham A. Rao","'0000-0002-4949-7236'","'OHDSI'","","","256451, 260139","https://forums.ohdsi.org/t/17895","2021-09-23","2023-09-25",,"",,0,,,"ERA",0,"fixed duration relative to initial event","EndDate",14,0,"All",FALSE,"All","All",1,1,"ConditionOccurrence",0,0,1,0,0,0,0,0,0,1,,1,,,,,,,,,,,,,,,,,,,,,,,,,,,,
21,"[P] Acute respiratory distress syndrome (ARDS) or Acute Respiratory Failure","Acute respiratory distress syndrome (ARDS) or Acute Respiratory Failure","Acute respiratory distress syndrome (ARDS) or Acute Respiratory Failure","rao@ohdsi.org","Pending peer review","","All events of Acute respiratory distress syndrome (ARDS) or Acute Respiratory Failure","",1,"","","","","","319049","","2021-09-23","2023-09-19",,"",,0,,,"ERA",0,"fixed duration relative to initial event","EndDate",0,0,"All",FALSE,"All","All",1,1,"ConditionOccurrence",0,0,1,0,0,0,0,0,0,1,,1,,,,,,,,,,,,,,,,,,,,,,,,,,,,
